 ,Area,Mean,Min,Max,Angle,Length
1,11.589,15824.477,+AC0-1121.875,27300.627,+AC0-30.256,11.908
2,10.761,18888.225,8854.688,24516.58,+AC0-120.964,10.851
3,9.933,9461.675,+AC0-1527.25,16837.604,+AC0-94.764,10.258
4,9.933,11716.218,+AC0-152.688,20035.562,160.017,10.218
5,13.244,6293.354,+AC0-3252.75,10667.5,+AC0-114.775,13.742
6,12.416,6457.163,+AC0-3503.25,11413.679,153.435,12.416
7,10.761,7960.235,+AC0-4288.962,17023.904,+AC0-104.036,10.676
8,12.416,11404.163,2902,17561.914,164.055,12.476
9,12.416,2948.273,+AC0-6448.602,10410.374,+AC0-102.995,12.669
10,14.072,2057.78,+AC0-7048.902,7502.955,+AC0-11.31,14.135
11,11.589,6070.141,+AC0-1907.619,9945.918,+AC0-81.254,12.245
12,9.933,6806.624,2085.708,14273.859,+AC0-169.695,10.172
13,8.278,9544.6,3430.766,16779.715,+AC0-90,8.341
14,8.278,8203.908,+AC0-2306.773,15624.075,180,8.491
15,9.105,7269.546,1002.106,10660.262,+AC0-119.055,9.494
16,9.933,5261.838,+AC0-1901.073,9022.089,+AC0-33.69,10.012
17,10.761,4360.048,+AC0-5162.312,9764.961,+AC0-90,11.032
18,11.589,4456.185,+AC0-4036.5,11519.382,171.254,11.517
19,9.105,4852.599,+AC0-1078.734,10419.609,+AC0-95.711,9.133
20,9.105,4527.667,+AC0-3953.75,10833.211,0,9.002
21,7.45,5130.699,+AC0-3323.281,11920.625,+AC0-105.945,7.282
22,8.278,5824.108,+AC0-1782.125,11516.354,+AC0-18.435,7.734
23,12.416,819.926,+AC0-4738.375,5118.286,+AC0-120.256,12.334
24,11.589,+AC0-140.577,+AC0-5205.25,6117.562,+AC0-38.66,11.547
25,7.45,+AC0-1141.32,+AC0-9341.969,3654.379,+AC0-116.565,7.688
26,6.622,305.852,+AC0-7008.75,4706.698,+AC0-39.806,6.698
27,9.933,1763.405,+AC0-5294.438,7318.25,+AC0-100.305,10.117
28,8.278,1940.294,+AC0-9971.75,8260.226,+AC0-6.34,7.787
29,12.416,7331.848,+AC0-1499.625,15152.008,+AC0-105.945,12.607
30,11.589,10843.02,1084.906,19255.566,+AC0-4.399,11.636
31,9.933,8482.977,+AC0-2156.75,14833.324,+AC0-111.801,9.833
32,8.278,8189.58,+AC0-125.331,14662.88,+AC0-32.005,8.296
33,6.622,5259.779,+AC0-1916.883,12826.906,+AC0-74.055,6.812
34,6.622,7578.318,764.427,13822.117,+AC0-161.565,6.291
35,7.45,4047.492,+AC0-7873.932,10956.134,+AC0-113.199,7.579
36,7.45,6415.496,+AC0-1175.833,10921.663,+AC0-7.125,7.172
37,8.278,9200.604,2024.587,14702.907,+AC0-102.529,8.626
38,8.278,7780.717,+AC0-160.541,14919.958,+AC0-11.31,8.451
39,9.105,1057.476,+AC0-6143.18,8667.98,+AC0-95.711,9.16
40,8.278,2138.719,+AC0-5848.221,9856.136,+AC0-12.529,8.092
41,8.278,8538.507,1324.179,15446.033,+AC0-83.66,7.921
42,7.45,9408.779,3484.062,15738.91,180,7.278
43,6.622,13993.491,8023,18728.074,+AC0-81.87,6.007
44,7.45,14256.013,9040.643,18867.463,8.13,6.992
45,9.933,5716.261,+AC0-3236.125,12240.875,+AC0-90,9.78
46,9.933,5386.476,+AC0-1329.562,11820.95,0,10.241
47,10.761,1664.855,+AC0-6132.562,7754,+AC0-94.764,10.927
48,10.761,1006.025,+AC0-3652.766,9571.844,+AC0-4.764,11.003
49,9.933,1438.2,+AC0-9244.25,8248.414,+AC0-84.806,9.683
50,9.105,3044.124,+AC0-6459.891,10196.925,16.699,9.467
51,12.416,7602.372,+AC0-3424.75,18334.469,+AC0-98.13,13.189
52,11.589,7675.076,+AC0-3301.656,19593.934,+AC0-4.399,11.749
53,8.278,879.28,+AC0-6133.562,9686.712,+AC0-84.289,8.435
54,7.45,2224.335,+AC0-5130.875,9056.676,7.125,7.539
55,6.622,2148.536,+AC0-1977.547,6548.903,+AC0-90,6.612
56,7.45,1872.724,+AC0-4413.531,6025.297,7.125,7.463
57,10.761,6404.149,+AC0-2418,14158.917,+AC0-108.435,11.293
58,9.105,5352.037,+AC0-4463.5,12471.525,+AC0-16.699,9.081
59,5.794,66.584,+AC0-5934.945,4251.306,+AC0-120.964,5.904
60,6.622,151.702,+AC0-4614.266,3877.741,+AC0-38.66,6.168
61,9.105,12735.758,+AC0-426.418,24094.758,+AC0-73.301,8.923
62,8.278,13689.978,2413.031,25802.172,+AC0-167.471,8.199
63,8.278,9048.057,1783.245,15141.825,+AC0-77.471,8.275
64,9.933,5059.278,+AC0-5044.597,15074.525,26.565,10.316
65,9.105,19838.919,10290.953,27129.156,+AC0-90,8.649
66,9.933,16937.416,2030,27028.637,+AC0-15.255,9.935
67,9.933,10553.204,+AC0-607,16381.889,+AC0-111.801,9.916
68,9.105,10992.688,2717.213,17000.422,+AC0-29.055,8.68
69,8.278,+AC0-876.562,+AC0-10420.741,5878.741,+AC0-83.66,8.106
70,7.45,+AC0-1705.154,+AC0-7261.5,2987.169,15.945,7.294
71,9.933,3096.114,+AC0-3505,9172.109,+AC0-90,9.797
72,7.45,3674.456,+AC0-3387.25,9349.215,14.036,7.641
73,9.933,4247.483,+AC0-2938.312,8257.204,+AC0-84.806,9.973
74,8.278,4601.38,+AC0-1432.5,8074.771,0,8.33
75,9.105,5230.106,+AC0-980.688,9942.088,+AC0-90,9.326
76,7.45,5929.802,+AC0-1515,10539.453,+AC0-7.125,7.293
77,9.933,5846.185,+AC0-2744.5,14113.196,+AC0-111.801,9.639
78,7.45,8691.044,3109.75,12239.433,+AC0-23.199,7.482
79,9.105,8047.261,+AC0-883.25,14003.125,+AC0-60.945,9.169
80,7.45,8357.542,1011,14394.531,29.745,7.335
81,13.244,5767.227,+AC0-3619.078,14350.34,+AC0-90,13.761
82,10.761,3900.497,+AC0-5093,9130.844,+AC0-175.236,10.579
83,10.761,1255.965,+AC0-5362.656,6267.453,+AC0-94.764,11.079
84,9.933,688.649,+AC0-4700.692,6175.662,0,10.018
85,9.105,2641.939,+AC0-3858.937,8350.839,+AC0-119.055,9.161
86,9.933,3740.802,+AC0-4422.675,8893.525,+AC0-21.801,9.977
87,12.416,8057.464,949.143,14872.823,+AC0-107.103,12.435
88,13.244,4721.989,+AC0-4940.061,13149.79,+AC0-3.814,13.688
89,8.278,5937.804,+AC0-8236.156,14101.021,+AC0-90,8.302
90,10.761,3193.178,+AC0-8672,11288.809,+AC0-95.194,10.49
91,9.105,6706.689,+AC0-2594.653,10685.451,+AC0-5.194,9.432
92,11.589,94.046,+AC0-8830.542,4752.53,+AC0-81.254,12.267
93,11.589,+AC0-717.467,+AC0-5715.609,2874.072,8.746,11.817
94,10.761,2109.361,+AC0-7218.5,6246.8,+AC0-74.745,10.785
95,9.933,1182.617,+AC0-4712.281,7404.05,5.194,10.312
96,18.211,13868.961,1200.601,22151.896,+AC0-146.31,18.884
97,12.416,10746.154,+AC0-7554.628,24123.676,+AC0-68.962,12.761
98,11.589,16814.742,2309.753,28750.439,+AC0-45,11.711
99,8.278,17633.711,5665.5,25110.193,45,8.58
100,11.589,12566.793,202.658,22052.828,+AC0-57.529,11.608
101,10.761,14741.249,365.055,21080.877,37.875,10.647
102,11.589,10584.057,+AC0-2260.752,21353.002,+AC0-57.529,11.566
103,9.933,10487.645,100.063,19726.053,33.69,9.644
104,9.105,4324.308,+AC0-344.375,9610.787,+AC0-78.69,8.657
105,8.278,3364.476,+AC0-2539.281,9757.863,0,8.532
106,14.072,10678.051,+AC0-1066.25,16601.684,+AC0-86.424,14.724
107,14.072,9766.008,+AC0-1466.875,16149.738,7.125,14.958
108,9.933,6159.112,506,10306.184,+AC0-79.695,9.858
109,9.105,6527.137,413.172,10852.443,11.31,9.467
110,8.278,5633.618,+AC0-102.51,9597.658,+AC0-75.964,7.837
111,7.45,5497.028,683.073,9969.656,7.125,7.007
112,7.45,3280.776,+AC0-1486.206,8839.194,+AC0-90,6.824
113,6.622,3633.245,+AC0-2520.145,8763.06,9.462,6.104
114,8.278,4239.141,+AC0-2550.883,10408.865,+AC0-83.66,7.955
115,6.622,6994.721,2256,10525.634,8.13,6.008
116,7.45,137.508,+AC0-7186.753,5902.944,+AC0-90,7.588
117,7.45,49.39,+AC0-6632.205,6900.607,0,7.355
118,9.105,7855.759,+AC0-2135.529,15145.725,+AC0-78.69,8.791
119,7.45,9075.858,786.642,15619.989,15.945,7.361
120,16.555,12891.077,3732.343,22424.805,+AC0-90,16.986
121,12.416,14829.424,1462,22338.412,4.086,13.166
122,7.45,5432.274,+AC0-5879.301,12755.882,+AC0-82.875,7.228
123,5.794,7345.101,3854.483,10962.565,18.435,5.812
124,6.622,+AC0-764.429,+AC0-6176,4086.643,+AC0-81.87,6.612
125,5.794,+AC0-251.833,+AC0-5081.576,3895.832,30.964,5.296
126,8.278,10049.851,+AC0-76.93,15160.564,+AC0-96.34,8.439
127,8.278,9317.676,3882,13688.013,+AC0-172.875,7.839
128,10.761,12478.917,+AC0-142.017,19895.871,+AC0-85.236,11.136
129,10.761,11691.634,1621,21514.877,180,10.717
130,9.105,4905.207,+AC0-7251.125,15211.486,+AC0-90,9.109
131,14.072,6112.009,+AC0-3298.232,14844.699,0,14.788
132,6.622,6259.86,+AC0-864.688,12238.384,+AC0-98.13,6.04
133,9.105,6915.737,+AC0-992.82,12817.22,161.565,8.652
134,9.933,8376.606,1296.375,15349.292,+AC0-84.289,9.583
135,8.278,9208.771,1161.887,15562.595,180,8.346
136,13.244,7762.458,+AC0-1392.5,14506.833,+AC0-101.31,13.875
137,12.416,6963.266,+AC0-3504.438,13063.388,164.055,13.028
138,6.622,9393.756,2612.109,14280.812,+AC0-81.87,5.988
139,8.278,9639.292,4107.395,14386.544,174.289,8.387
140,7.45,6991.86,+AC0-810.203,12493.664,+AC0-35.538,7.327
141,6.622,9196.557,5667.531,13130.812,+AC0-123.69,6.466
142,5.794,1415.97,+AC0-2555.266,4180.246,+AC0-99.462,5.621
143,5.794,2399.721,+AC0-699.336,4487.092,+AC0-9.462,5.545
144,6.622,+AC0-148.332,+AC0-6665.688,4428.203,+AC0-90,6.032
145,6.622,141.575,+AC0-5434.5,4752.992,+AC0-8.13,5.975
146,9.105,15920.798,3221.281,25892.75,+AC0-90,9.099
147,9.105,15882.142,3214,26363.348,6.34,8.991
148,9.933,14732.147,8015.25,20377.188,+AC0-95.194,9.699
149,9.105,14363.351,6970.25,19423.697,5.711,9.02
150,9.933,15907.069,587.333,25198.363,+AC0-105.255,10.231
151,9.933,12358.512,+AC0-1552.222,21294.033,153.435,10.045
152,10.761,14303.44,5954.111,18500,+AC0-94.764,10.956
153,10.761,13763.606,2641.444,22990.963,+AC0-5.194,10.632
154,13.244,11098.31,+AC0-10095.333,21080,+AC0-109.654,13.525
155,12.416,12877.812,+AC0-5187.333,21351.389,+AC0-17.103,12.665
156,9.105,16393.318,2977,25304.5,+AC0-84.289,9.143
157,8.278,19165.42,6697,26746.494,+AC0-172.875,7.978
158,9.105,15611.033,8141,21463.334,+AC0-95.711,9.143
159,8.278,16753.491,5453,21329.777,+AC0-14.036,7.797
160,10.761,9377.073,2780.222,13911.111,+AC0-120.964,10.769
161,9.105,9016.967,+AC0-4949.333,15050.547,+AC0-23.962,8.684
162,9.933,8224.894,+AC0-5891.667,19854.562,+AC0-74.745,10.003
163,9.105,11964.389,+AC0-8444.667,21130.613,+AC0-161.565,9.209
164,9.105,10233.935,906.417,18876.805,+AC0-90,8.683
165,9.105,9980.028,669.917,17960.834,180,9.024
166,9.933,8403.779,405.441,15262.976,+AC0-101.31,9.723
167,11.589,10040.105,4592.719,14648.407,175.601,11.78
168,9.105,12492.571,2010.281,20687.49,+AC0-90,8.65
169,8.278,9172.782,+AC0-2592.719,19562.5,12.529,7.801
170,9.105,12076.803,4727,18622.965,+AC0-101.31,8.881
171,10.761,11767.171,3084,19235.75,+AC0-4.764,10.923
172,12.416,2378.269,+AC0-4595.717,9360.859,+AC0-86.186,12.853
173,11.589,+AC0-509.647,+AC0-8872.844,8505.288,4.399,11.382
174,6.622,1433.246,+AC0-2117.438,4580.271,+AC0-81.87,6.736
175,6.622,752.403,+AC0-2262.828,3286.756,23.199,6.409
176,11.589,16185.66,1628.938,25369.344,+AC0-75.964,11.598
177,9.105,17569.685,3813.625,25315.387,+AC0-5.711,9.269
178,9.105,14737.046,5183.986,20282.646,+AC0-95.711,9.426
179,8.278,14743.368,6924.75,20059.973,+AC0-6.34,7.99
180,10.761,7520.154,+AC0-5905.125,15012.252,+AC0-90,10.748
181,10.761,8074.575,+AC0-1272,15020.477,+AC0-4.764,11.211
182,9.933,9322.686,4028.865,12559.387,+AC0-90,10.014
183,9.933,5661.5,+AC0-6609.479,14044.174,4.764,10.2
184,12.416,19974.562,9122.083,27584.484,+AC0-77.905,12.937
185,12.416,20163.678,6792.917,26390.375,19.654,12.947
186,11.589,14099.476,4585.062,21647.889,+AC0-85.236,11.387
187,10.761,13464.151,2149.188,23605.973,9.462,10.905
188,11.589,7576.907,+AC0-3497.375,13716.915,+AC0-99.462,11.443
189,14.072,6781.207,+AC0-6584.406,16275.828,+AC0-3.576,14.106
190,11.589,10591.769,+AC0-1510.094,19035.414,+AC0-85.236,11.769
191,11.589,11862.893,560.594,18700.055,12.995,11.806
192,9.105,5939.1,1964.819,11106.188,+AC0-90,8.735
193,9.105,1835.269,+AC0-12262.75,12431.568,0,9.326
194,9.933,6090.494,+AC0-1346,8611.878,+AC0-90,10.258
195,9.933,7302.708,1946.688,10359.421,5.194,10.326
196,8.278,3804.838,+AC0-2741.5,8100.809,+AC0-69.444,7.734
197,9.105,3204.035,+AC0-3039.438,7196.025,18.435,8.889
198,9.105,22178.266,8875.542,31575.053,+AC0-90,9.403
199,9.105,19064.539,4423,32705.119,5.711,8.8
200,11.589,12214.337,+AC0-1962.333,20832.033,+AC0-104.036,11.843
201,9.105,7102.466,+AC0-13615.5,17600.338,+AC0-21.801,9.35
202,10.761,5166.55,+AC0-2828.75,11196.492,+AC0-95.194,10.647
203,8.278,3932.438,+AC0-11589.125,12663.889,+AC0-6.34,8.247
204,9.933,3441.383,+AC0-4891.375,8865.947,+AC0-94.764,10.326
205,9.105,4964.319,+AC0-1233.25,8348.255,+AC0-12.529,9.033
206,10.761,2356.188,+AC0-7907.156,9800.927,+AC0-105.255,10.785
207,8.278,3844.55,+AC0-5921.75,10409.5,+AC0-6.34,8.126
208,13.244,8384.903,+AC0-7648.062,19953.824,+AC0-102.095,13.509
209,8.278,8301.964,+AC0-7629.016,19372.918,+AC0-12.529,8.511
210,11.589,14472.745,+AC0-1743.5,23462.092,+AC0-85.601,11.54
211,9.105,14320.35,3105.333,22952.15,5.194,9.502
212,9.105,9861.109,668.056,15410.968,+AC0-108.435,8.777
213,8.278,8663.57,+AC0-3030.333,15471.646,+AC0-23.962,8.411
214,10.761,14889.006,5531,19356.666,+AC0-55.008,10.81
215,7.45,13571.813,4601.167,19707.602,+AC0-144.462,7.72
216,7.45,9298.527,3097.5,14459.531,+AC0-82.875,7.52
217,6.622,7318.307,+AC0-4066.5,15942.165,8.13,6.752
218,11.589,7099.828,+AC0-11180.766,17356.662,+AC0-81.254,11.443
219,11.589,12635.592,1451.094,18250.99,0,11.382
220,6.622,3522.203,+AC0-1954.611,9198.154,+AC0-81.87,6.385
221,5.794,2866.537,+AC0-5746.083,9015.719,21.801,5.461
222,5.794,7147.604,881.083,12926.356,+AC0-80.538,5.597
223,4.967,6609.84,260.972,11910.349,21.801,4.916
224,8.278,2754.622,+AC0-3809.667,9654.507,+AC0-83.66,8.357
225,7.45,2566.749,+AC0-9991,9485.248,7.125,6.843
226,9.105,8630.257,+AC0-5109.414,19857.414,+AC0-78.69,8.968
227,6.622,12270.314,2463.215,20778.834,15.945,6.33
228,10.761,8397.28,+AC0-3618.75,17580,+AC0-105.255,10.602
229,9.105,6953.572,+AC0-8841.667,17707.381,+AC0-11.31,8.809
230,11.589,21881.297,4582.25,29456.592,+AC0-53.973,12.007
231,8.278,22137.203,11352.944,29036.205,32.005,8.35
232,8.278,16359.283,8212.444,23665.514,+AC0-75.964,7.889
233,10.761,14831.273,118.639,23519.656,15.255,10.467
234,14.072,12867.822,+AC0-1432.486,21235.998,+AC0-66.801,14.109
235,11.589,14443.646,+AC0-1638.562,22243.434,38.66,11.89
236,10.761,11544.159,+AC0-2726.25,20636.453,+AC0-85.236,11.153
237,8.278,15632.487,4420.75,21730.822,6.34,8.514
238,7.45,8064.537,345.602,14730.078,+AC0-75.964,7.172
239,7.45,6382.365,+AC0-9072.094,14426.129,+AC0-164.055,6.928
240,9.933,13854.171,+AC0-12.531,22584.902,+AC0-30.964,10.368
241,7.45,14424.283,3451.441,20957.691,+AC0-135,7.325
242,9.105,16750.741,7141.188,28288.654,+AC0-23.962,9.308
243,7.45,19052.226,6959.042,28197.086,+AC0-113.199,7.239
244,13.244,15117.761,3242.75,28828.08,+AC0-45,13.519
245,9.105,15737.01,3479.25,23361.949,+AC0-139.399,8.722
246,9.105,15212.283,4635.035,26573.777,+AC0-71.565,8.901
247,7.45,15047.412,3440.453,26332.791,23.199,7.078
248,9.105,14125.971,+AC0-4120.945,23940.338,+AC0-41.186,9.506
249,7.45,14942.059,2663.562,22815.01,+AC0-140.194,7.414
250,5.794,10208.993,2337.069,15582.574,+AC0-71.565,5.759
251,4.967,11606.297,7575.287,16148.437,21.801,4.978
252,8.278,6068.484,+AC0-2057.508,12670.854,+AC0-57.995,8.485
253,6.622,6092.213,+AC0-2102.227,11983.609,38.66,6.625
254,8.278,17185.632,7718.25,23787.482,+AC0-71.565,8.399
255,5.794,18733.017,12829,23852.812,26.565,5.446
256,6.622,6214.088,+AC0-2310.625,11128.992,+AC0-51.34,5.977
257,6.622,5167.379,+AC0-1126.609,10193.347,+AC0-141.34,6.029
258,9.105,10474.909,2851.75,15956.605,+AC0-45,8.944
259,6.622,10810.474,6870.988,14779.271,45,6.675
260,9.105,8038.48,+AC0-664.559,14621.157,+AC0-53.13,9.043
261,7.45,9425.959,2384.871,14454.459,45,7.681
262,9.933,22582.26,13888.212,31130.111,+AC0-56.31,9.804
263,7.45,25080.288,16900.043,31095.266,+AC0-139.399,7.608
264,9.105,15380.701,3332.625,21058.078,+AC0-53.13,9.053
265,7.45,15677.136,+AC0-1621.469,24354.846,50.194,7.008
266,8.278,3122.578,+AC0-3672.722,9921.327,+AC0-57.995,8.622
267,6.622,3699.771,+AC0-1988.333,8223.798,+AC0-135,6.113
268,9.105,18032.567,920.417,28162.178,+AC0-71.565,8.9
269,7.45,18249.297,7692.083,27797.125,29.745,7.298
270,9.105,18464.197,2835.417,29021.801,+AC0-71.565,9.064
271,7.45,17574.488,5781.208,24334.84,29.745,7.403
272,8.278,2652.766,+AC0-6775.792,8630.046,+AC0-49.399,8.356
273,6.622,2840.815,+AC0-5648.167,8007.85,38.66,6.008
274,7.45,4491.96,+AC0-4174.75,11705.165,+AC0-45,6.866
275,5.794,4972.089,+AC0-25.222,10594.143,45,5.009
276,6.622,10041.723,+AC0-4297.859,19070.025,+AC0-74.055,6.423
277,6.622,12541.634,3946.312,17731.059,50.194,6.655
278,9.105,14818.46,6299.531,24452.613,+AC0-60.945,8.699
279,7.45,13488.899,+AC0-32.125,23609.156,33.69,7.142
280,9.933,16461.591,+AC0-3402.917,25994.359,+AC0-48.366,10.329
281,9.105,16147.98,9468.444,20681.16,32.005,9.18
282,10.761,7617.588,+AC0-3370.333,20474.223,+AC0-65.556,11.122
283,9.105,10509.728,1806,17124.408,36.87,9.421
284,10.761,14686.502,+AC0-2266.25,22158.045,+AC0-85.236,10.901
285,9.105,15697.135,210.25,21074.74,18.435,9.25
286,9.933,8975.48,+AC0-1371.833,19288.318,+AC0-100.305,10.298
287,9.105,14439.144,3922.833,20539.5,+AC0-12.529,8.684
288,9.105,7801.612,659,14392.845,+AC0-57.995,9.103
289,7.45,7392.229,+AC0-859.333,13827.333,29.745,7.571
290,8.278,4138.33,+AC0-4133.5,8317.296,+AC0-129.806,7.834
291,9.105,4273.024,+AC0-3495.333,9367.767,+AC0-53.13,9.098
292,11.589,12470.605,+AC0-8491.844,30501.99,+AC0-75.964,11.423
293,9.933,11588.358,+AC0-11937.5,20467.158,15.255,9.985
294,12.416,13918.574,+AC0-9516.875,32767,+AC0-77.905,12.804
295,11.589,16910.493,+AC0-10093.078,32767,24.444,11.393
296,6.622,9281.87,943.694,21416.736,+AC0-108.435,6.326
297,6.622,10781.922,+AC0-5626.278,20622.324,+AC0-15.945,6.545
298,6.622,11816.662,+AC0-3077.688,19073.195,+AC0-90,6.498
299,6.622,11571.668,738.062,18045.854,9.462,5.918
300,9.933,16586.462,+AC0-3717.958,32261.691,+AC0-56.31,9.7
301,9.105,21277.797,7888.333,32749.779,33.69,8.895
302,6.622,16417.998,7495.354,27191.246,+AC0-90,6.617
303,6.622,18947.057,6594.917,28826.912,8.13,6.283
304,7.45,5988.498,+AC0-3583.014,18654.02,+AC0-90,7.128
305,5.794,3530.88,+AC0-17012.367,16977.445,9.462,5.725
306,9.933,21843.591,10909,32766.863,+AC0-131.186,9.655
307,9.105,24592.626,12171.75,32762.875,+AC0-36.87,8.668
308,11.589,6788.742,+AC0-1307.556,11405.6,+AC0-98.746,11.449
309,11.589,8455.561,317.889,11728.096,+AC0-4.764,11.588
310,10.761,9813.93,+AC0-3196.611,16088.375,+AC0-124.992,11.039
311,10.761,8723.618,+AC0-5662.194,14319.814,+AC0-34.992,11.282
312,10.761,13717.442,355.312,25491.576,+AC0-109.983,10.649
313,9.933,16319.186,5599.5,25093.592,+AC0-33.69,10.284
314,8.278,13038.674,1949.833,22053.537,+AC0-108.435,7.865
315,8.278,12206.896,+AC0-323.458,22297.084,+AC0-12.529,8.61
316,9.933,11729.838,+AC0-25196,29550.576,+AC0-95.711,9.847
317,6.622,21743.968,12037.944,31569.744,+AC0-26.565,6.481
318,9.933,6120.61,+AC0-4215.25,13934.008,+AC0-142.125,10.259
319,9.105,9878.618,698.562,17310.963,+AC0-36.87,9.147
320,7.45,2392.04,+AC0-3181.184,8712.711,+AC0-140.194,7.691
321,9.105,5161.775,+AC0-40,12733.73,+AC0-48.814,9.523
322,6.622,3694.246,+AC0-1478.25,7967.732,+AC0-108.435,6.234
323,5.794,4777.366,+AC0-2417.5,10974.521,+AC0-9.462,5.546
324,7.45,4989.104,+AC0-5221.625,12012.156,+AC0-123.69,7.041
325,7.45,5294.912,317.172,10964.988,+AC0-20.556,7.455
326,6.622,7417.003,802.125,12998.021,98.13,6.259
327,6.622,6345.034,455.531,12541.545,0,6.483
328,9.105,12246.523,+AC0-5719.75,31524.119,+AC0-90,8.76
329,7.45,16786.171,+AC0-286.812,31715.576,7.125,7.142
330,6.622,2165.343,+AC0-7528.969,7664.743,+AC0-98.13,6.469
331,6.622,1584.713,+AC0-10911.312,9732.715,0,6.483
332,9.105,3862.068,+AC0-3295.5,14186.875,+AC0-84.289,9.169
333,9.933,2251.488,+AC0-9685.367,11346.931,+AC0-164.745,10.139
334,8.278,11012.003,+AC0-3184.778,21277.201,+AC0-125.538,8.267
335,8.278,14785.701,+AC0-423.083,21354.473,+AC0-35.538,7.932
336,7.45,12356.249,+AC0-688.486,23650.535,+AC0-75.964,7.317
337,6.622,14965.416,18.556,24313.66,23.199,6.646
338,5.794,2207.733,+AC0-7738.031,9933.109,+AC0-80.538,5.658
339,6.622,3225.64,+AC0-2701.82,9643.325,15.945,6.069
340,10.761,11075.979,4756.667,15109.667,+AC0-80.538,11.068
341,10.761,8622.719,+AC0-45.5,13978.48,0,10.464
342,5.794,6164.806,+AC0-6580.389,13221.611,+AC0-80.538,5.534
343,6.622,5259.436,+AC0-2184.278,10345.238,8.13,6.433
344,12.416,7286.998,+AC0-3285.444,14012.929,+AC0-59.744,12.509
345,12.416,5039.828,+AC0-5220.5,12193.167,30.256,12.835
346,8.278,+AC0-701.114,+AC0-9390.979,6474.343,+AC0-35.538,8.022
347,6.622,+AC0-1652.937,+AC0-9567.542,6923.41,+AC0-135,6.648
348,8.278,2333.408,+AC0-9450.889,11493.63,+AC0-71.565,8.587
349,8.278,5268.732,+AC0-4070.222,11238.977,12.529,7.778
350,5.794,766.398,+AC0-6338.375,7691.083,+AC0-90,5.118
351,5.794,483.038,+AC0-8410.625,7313.917,0,5.583
352,7.45,+AC0-10046.943,+AC0-15117.688,+AC0-6075.741,+AC0-90,6.881
353,4.967,+AC0-10273.269,+AC0-15061.062,+AC0-5740.166,0,4.789
354,10.761,4353.741,+AC0-5158.694,10646.864,+AC0-61.39,10.806
355,9.105,2548.331,+AC0-10357.694,10889.083,29.055,9.103
356,14.072,11247.689,+AC0-1101,19904.562,+AC0-142.431,14.997
357,11.589,11311.565,+AC0-2932.722,21846.199,+AC0-45,11.848
358,11.589,20137.889,+AC0-4039.292,31948.398,+AC0-98.746,11.809
359,11.589,19646.341,+AC0-2951.792,32767,+AC0-8.746,11.63
360,8.278,5397.728,+AC0-4672.111,15160.44,+AC0-104.036,7.978
361,7.45,9844.416,2726.333,15401.764,+AC0-7.125,7.318
362,9.933,8935.073,825.278,15251.76,+AC0-90,9.558
363,12.416,6159.927,+AC0-7828,13811.361,+AC0-8.13,12.479
364,10.761,5371.715,+AC0-8957.333,14434.056,+AC0-90,10.467
365,9.105,6743.948,+AC0-2634.667,13643.8,0,8.952
366,7.45,355.528,+AC0-5999.359,5920.844,+AC0-90,7.293
367,7.45,+AC0-92.344,+AC0-4943.094,4456.375,7.125,6.858
368,9.105,2636.388,+AC0-3022.302,9561.15,+AC0-84.289,9.508
369,9.933,+AC0-1405.509,+AC0-11506.431,8890.204,5.194,10.312
370,12.416,11615.556,2230.389,18645.131,+AC0-45,12.44
371,10.761,12217.468,5502.278,14545.701,34.992,11.23
372,12.416,3492.265,+AC0-7827.667,12591.477,+AC0-68.962,12.531
373,9.933,1745.402,+AC0-16821.111,9905.432,33.69,9.885
374,8.278,3825.191,+AC0-6147.611,10681.844,+AC0-75.964,8.019
375,6.622,3525.29,+AC0-10309.333,9101.48,23.199,6.578
376,10.761,6299.592,+AC0-5843.857,15128.627,+AC0-59.036,10.915
377,9.933,9542.458,424.25,15334.682,33.69,9.995
378,15.727,17486.718,2361.917,25883.166,+AC0-120.964,16.54
379,14.9,16816.157,4809,24137.715,135,15.446
380,8.278,5232.543,+AC0-106.156,9151.999,+AC0-77.471,8.423
381,6.622,4305.026,+AC0-1912.562,9609.238,15.945,6.634
382,9.105,9190.137,+AC0-9710.062,26901.078,+AC0-77.471,8.789
383,10.761,11527.825,+AC0-8041.875,28570.695,+AC0-164.745,10.483
384,9.933,12669.927,+AC0-7127.25,23255,+AC0-84.806,10.049
385,9.105,16586.506,2461.625,23636.75,5.711,9.217
386,9.105,13248.503,+AC0-4190.25,27245.266,+AC0-84.806,9.473
387,9.105,18150.063,7156.125,27490.883,5.711,9.409
388,8.278,12194.283,+AC0-138.203,23488.666,+AC0-71.565,8.42
389,7.45,14365.123,4634.656,19836.348,29.745,7.273
390,9.105,4187.543,+AC0-2525.583,10971.849,+AC0-73.301,9.213
391,6.622,3412.877,+AC0-5795.167,8744.842,15.945,6.437
392,6.622,7126.874,+AC0-989.109,14831.133,+AC0-90,6.657
393,5.794,8486.57,3193.918,14037.141,0,5.858
394,8.278,467.185,+AC0-15248.417,12274.219,+AC0-90,8.211
395,8.278,457.305,+AC0-15857.062,11987.458,6.34,8.601
396,5.794,12444.83,1472.875,18890.25,+AC0-99.462,5.402
397,5.794,12535.602,3616.556,18119.9,+AC0-9.462,5.757
398,9.933,27652.499,12920.667,32767,+AC0-101.31,9.63
399,7.45,29321.489,21612.5,32767,0,7.293
400,14.9,8458.092,+AC0-2129.886,17139.594,+AC0-118.072,15.2
401,14.9,12396.584,+AC0-879.5,22279.744,+AC0-28.072,15.326
402,10.761,8962.967,+AC0-2560.125,14237.573,+AC0-124.992,10.696
403,9.105,6519.304,+AC0-1805.25,12763.219,+AC0-36.87,9.03
404,9.105,12142.62,+AC0-57.969,19757.617,+AC0-56.31,9.463
405,7.45,10209.716,+AC0-100.711,19683.99,+AC0-150.255,7.491
406,7.45,3439.832,+AC0-4212.438,10937.469,+AC0-50.194,6.852
407,4.967,6657.186,230.906,12030.078,+AC0-126.87,4.762
408,5.794,6403.166,+AC0-3545.906,12287.698,+AC0-21.801,5.147
409,6.622,18343.307,6781.875,26025.85,+AC0-141.34,6.223
410,9.105,12577.365,2311.425,22370.439,+AC0-36.87,9.523
411,5.794,14591.352,5502.792,21637.525,+AC0-141.34,5.87
412,10.065,6159.188,+AC0-8572.444,11622.389,+AC0-86.82,12.795
413,8.476,7403.375,+AC0-5336.667,12469.389,+AC0-172.405,10.829
414,12.185,5573.205,+AC0-4725,13275.837,+AC0-50.528,16.312
415,10.595,2252.46,+AC0-7394.017,13306.053,+AC0-135,14.163
416,10.065,16260.039,+AC0-1102.75,29171.625,+AC0-70.56,13.311
417,7.417,16494.417,3691.833,23350.379,+AC0-157.38,9.621
418,7.946,19399.76,+AC0-5546.25,31293.75,+AC0-59.744,10.051
419,6.357,18978.009,+AC0-31,31088.336,37.875,8.007
420,6.357,13296.102,+AC0-735.945,25388.617,+AC0-90,8.097
421,6.887,9472.794,+AC0-12807.023,25341.857,0,8.787
422,8.476,13249.379,+AC0-2918.234,22618.852,+AC0-86.186,10.832
423,7.417,13008.733,3096.57,20885.086,14.036,9.135
424,5.298,13773.933,+AC0-930.453,22798.344,+AC0-82.875,6.265
425,4.768,13523.144,872.703,21206.371,14.036,6.022
426,7.417,12437.846,110.75,18998.635,+AC0-90,9.098
427,6.357,9755.489,1092.562,17187.135,0,8.189
428,6.357,10910.294,+AC0-4728.578,19104.736,+AC0-90,8.008
429,6.887,14084.315,3835.75,19277.336,0,9.009
430,7.417,5666.436,+AC0-4213.792,13892.5,+AC0-90,9.179
431,5.827,5605.103,+AC0-8448.556,14058.795,0,7.218
432,6.887,16139.261,+AC0-10859.469,28933.816,+AC0-104.036,8.786
433,8.476,15553.886,+AC0-12505.75,29949.289,+AC0-11.31,11.045
434,5.298,10614.743,1407.602,17226.104,+AC0-96.34,6.434
435,6.887,9993.365,1906.281,16008.479,+AC0-4.764,8.661
436,6.887,4098.418,+AC0-3432.167,9046.616,+AC0-90,8.918
437,6.887,6021.755,657.375,9112.723,+AC0-4.764,8.885
438,7.417,4069.331,+AC0-6013.611,10627.826,+AC0-71.565,9.733
439,6.357,5190.986,+AC0-2183.361,9588.28,+AC0-158.199,8.301
440,9.536,3631.338,+AC0-7358,9896.142,+AC0-57.265,12.09
441,7.417,3948.33,+AC0-2755.25,10519.828,36.027,9.699
442,6.887,10641.45,4013.764,13368.875,+AC0-65.556,8.795
443,6.357,8839.94,1594.333,14328.46,45,8.235
444,9.006,8898.023,+AC0-3133.5,16010.835,+AC0-82.875,11.409
445,8.476,8365.225,+AC0-1817.458,16503.389,24.775,11.031
446,9.536,11622.67,+AC0-5371.333,25278.756,+AC0-49.764,12.281
447,6.357,11439.684,+AC0-3316.806,24741.336,45,8.235
448,10.065,3604.659,+AC0-6710.667,11072.67,+AC0-56.31,13.391
449,7.417,2397.851,+AC0-7787.5,9252.161,38.66,9.365
450,7.417,5552.698,+AC0-5043,13483.975,+AC0-57.529,9.388
451,6.357,4619.732,+AC0-6644.167,13443.072,37.875,7.908
452,7.417,9437.475,628.333,17453.012,+AC0-48.366,9.289
453,5.298,11914.437,4323.333,17756.1,40.601,6.896
454,10.065,5432.097,+AC0-3803,10279.37,+AC0-42.879,13.325
455,8.476,6138.541,+AC0-1400.406,10035.948,47.726,10.799
456,6.357,5452.114,+AC0-5013,12129.818,+AC0-48.814,8.153
457,4.768,6642.304,580.083,11022.833,45,6.096
458,6.887,8854.899,1549.444,15798.893,+AC0-51.34,9.056
459,4.768,10069.57,+AC0-577.611,15650.406,50.194,5.5
460,9.006,9608.045,+AC0-509.996,18414.254,+AC0-54.462,11.986
461,7.417,9461.817,+AC0-893.406,14709.464,41.634,9.135
462,6.357,12184.309,2004.75,18517.379,+AC0-52.125,8.279
463,5.298,11137.123,808.917,18534.688,45,6.226
464,5.298,16419.99,2227.611,26850.639,+AC0-54.462,6.332
465,4.768,16306.052,+AC0-5927.583,27244.166,45,5.541
466,5.827,17227.402,10751.444,23873.75,+AC0-53.13,7.206
467,4.768,16588.612,3438.667,23729.041,+AC0-129.806,5.856
468,6.887,8109.41,+AC0-2078.118,14145.25,+AC0-41.634,8.513
469,5.298,9102.577,266.667,13901.687,49.399,6.698
470,8.476,823.491,+AC0-10634.641,9287.312,+AC0-53.13,10.573
471,5.827,4611.248,267.875,6457.625,45,7.141
472,6.887,11846.316,+AC0-11632.25,27504.25,+AC0-45,8.388
473,5.827,18690.256,293,29380.541,45,7.015
474,6.357,5606.112,+AC0-6335.424,16431.59,+AC0-65.556,8.303
475,5.827,8785.435,+AC0-716.556,16645.416,36.87,7.109
476,6.357,7117.443,+AC0-4718.25,16216.263,+AC0-45,8.12
477,4.768,8342.442,+AC0-2025.25,15807.25,56.31,5.629
478,5.827,6809.918,+AC0-8439.917,16678.297,+AC0-66.038,7.153
479,4.768,7957.42,+AC0-7393.778,16416.146,39.806,5.626
480,5.298,17784.571,+AC0-1113.128,31710.459,+AC0-69.444,6.329
481,4.238,19924.583,8556.379,26900.982,33.69,4.991
482,9.006,7158.59,+AC0-5373.496,21956.262,+AC0-64.983,11.845
483,7.417,9591.188,+AC0-6650.562,27328.76,30.256,9.694
484,7.946,+AC0-100.971,+AC0-17806.459,12052.233,+AC0-63.435,9.916
485,7.417,+AC0-3973.848,+AC0-21526.75,9527.815,39.289,9.809
486,5.827,7469.254,+AC0-8677.188,16864.855,+AC0-71.565,7.251
487,5.298,8038.724,+AC0-3592.375,16957.553,36.87,6.751
488,8.476,6754.002,+AC0-8024.688,18461.461,+AC0-56.31,10.801
489,9.006,7908.09,+AC0-6708.578,17861.277,+AC0-143.13,11.5
490,7.946,+AC0-7345.195,+AC0-17977.598,1972.516,+AC0-56.31,10.07
491,6.887,+AC0-4839.885,+AC0-17477.844,3116.625,32.471,8.983
492,5.827,5390.521,+AC0-3117.229,11986.875,+AC0-56.31,7.404
493,4.768,5568.007,+AC0-1887.75,11848.5,+AC0-140.194,5.74
494,8.476,6047.732,+AC0-7990,14911.852,+AC0-82.875,11.255
495,9.536,5148.103,+AC0-4388.167,14552.057,17.354,12.621
496,10.065,1973.118,+AC0-6382,7075.874,+AC0-102.529,13.168
497,10.595,2995.65,+AC0-9251.625,9745.882,+AC0-8.973,14.062
498,7.417,1022.955,+AC0-5676.875,5070.802,+AC0-90,9.282
499,7.417,1762.39,+AC0-5144.75,7144.092,4.399,9.659
500,9.536,8259.994,+AC0-2492.938,17032.988,+AC0-118.072,12.577
501,7.417,8323.494,+AC0-2320.125,17014.77,+AC0-22.62,9.236
502,7.946,14099.792,4748.771,24270.527,+AC0-48.013,9.837
503,6.357,13286.527,+AC0-1294.167,23641.178,+AC0-138.814,7.863
504,11.655,6801.284,+AC0-1269.016,13171.29,+AC0-50.906,15.645
505,7.417,7414.59,1705,13034.615,41.987,9.535
506,7.417,7414.59,1705,13034.615,41.987,9.535
507,8.476,4071.508,+AC0-4434.227,10557.981,+AC0-47.726,10.96
508,6.357,4767.357,+AC0-1885.781,11304.343,+AC0-131.186,7.84
509,7.946,3783.498,+AC0-3906.021,10863.038,+AC0-39.289,10.313
510,6.357,4190.805,+AC0-1226.844,11348.999,+AC0-131.186,8.151
511,7.946,4658.919,+AC0-618.362,11569.243,+AC0-41.987,9.946
512,7.417,3551.736,+AC0-3593.08,10510.613,+AC0-131.634,9.184
513,7.417,9178.496,+AC0-7826.5,22603.344,+AC0-36.027,9.753
514,6.357,10164.748,+AC0-1796.396,20324.859,+AC0-146.31,8.08
515,9.006,22568.534,6422.333,32767,+AC0-37.569,11.576
516,6.357,22750.213,11219.625,32767,+AC0-135,8.321
517,6.887,2011.974,+AC0-5723.181,9490.723,+AC0-55.008,8.497
518,6.357,1070.534,+AC0-9805.917,10157.128,37.875,8.018
519,7.946,5260.864,+AC0-11778.667,15394.541,+AC0-41.987,10.217
520,6.357,2641.588,+AC0-20720.74,15696.219,+AC0-131.634,8.336
521,9.006,4674.534,+AC0-1729.004,11669.7,+AC0-50.194,11.548
522,5.827,4102.486,+AC0-1136.75,6766.537,+AC0-135,7.206
523,7.946,19829.093,2209.25,31713.309,+AC0-56.31,10.476
524,6.887,18302.417,808.133,32481.609,+AC0-138.366,9.073
525,11.655,9648.133,+AC0-4731.722,14998.748,+AC0-35.218,15.146
526,8.476,7334.945,+AC0-4536.722,15168.455,+AC0-140.194,11.245
527,11.125,8123.583,546.5,16723.25,+AC0-53.13,14.778
528,9.006,6931.274,+AC0-4764.667,16732.174,+AC0-137.49,11.588
529,11.655,9096.786,+AC0-599.278,16697.564,+AC0-57.095,14.939
530,10.065,3086.242,+AC0-7261.265,15016.441,+AC0-149.036,12.899
531,7.417,5480.795,+AC0-4346.667,13370.279,+AC0-41.987,9.707
532,5.298,5927.711,+AC0-4834.778,12845.626,+AC0-144.462,6.276
533,12.714,14107.945,+AC0-11458.167,22468.412,+AC0-90,16.378
534,13.774,17670.476,+AC0-3403.5,25573.244,16.26,18.046
535,6.887,5287.428,+AC0-2477.667,13247.069,+AC0-90,8.614
536,5.298,6815.603,+AC0-3211.944,14748.636,6.34,6.699
537,5.827,939.342,+AC0-8051.167,7115.917,+AC0-95.711,7.174
538,6.887,927.377,+AC0-4583.137,7029.5,+AC0-19.983,8.518
539,6.357,1795.072,+AC0-3194.993,6887.364,+AC0-68.199,8.126
540,5.827,1612.028,+AC0-6131.969,6700.734,32.005,7.224
541,5.827,+AC0-331.993,+AC0-3118.125,2056.602,+AC0-77.471,7.137
542,4.768,+AC0-1405.488,+AC0-6704.562,2575.708,15.945,5.612
543,11.125,4324.936,+AC0-15795.667,14681.725,+AC0-40.914,14.383
544,7.417,8070.647,443.528,14911.72,41.987,9.65
545,11.125,7476.565,+AC0-5349.5,16083.4,+AC0-45,14.24
546,6.357,9319.813,1496.833,15046.934,+AC0-138.814,8.242
547,10.595,7669.579,1236.333,12864.11,+AC0-53.746,13.514
548,7.946,6141.484,+AC0-1231.167,12229.361,45,10.211
549,5.827,6868.763,648.559,12659.84,+AC0-53.13,7.104
550,6.357,6615.553,+AC0-450,12120.934,37.875,7.936
551,10.065,2066.22,+AC0-32127.5,19168.496,+AC0-42.709,12.782
552,6.887,2688.926,+AC0-10507.583,16316.033,+AC0-131.634,8.538
553,7.247,1088.8,930.681,1351.018,+AC0-50.389,16.369
554,5.34,1047.471,868.222,1168.23,+AC0-141.009,11.823
555,6.484,1097.756,903,1202.034,+AC0-45,14.618
556,4.196,1053.265,863.333,1173.347,+AC0-135,9.266
557,4.577,1222.567,1020.696,1354.316,+AC0-53.616,10.018
558,3.433,1224.724,1100.889,1378.14,+AC0-144.462,7.513
559,5.34,1039.467,951.085,1141.116,+AC0-52.306,11.823
560,5.912,1048.943,897.56,1157.4,+AC0-143.13,13.101
561,3.814,1197.824,1062,1296.643,+AC0-57.995,8.089
562,3.624,1199.761,1009.914,1328.667,+AC0-153.435,7.947
563,5.721,1127.657,981.55,1277.82,+AC0-38.047,12.64
564,4.196,1068.438,855,1204.433,+AC0-129.472,9.321
565,8.964,1032.26,917.496,1205.051,112.036,20.112
566,7.247,1009.663,743.148,1197.732,+AC0-150.642,16.179
567,5.912,1083.68,858,1263.467,+AC0-82.405,13.217
568,5.149,942.183,805.333,1030.503,171.254,11.2
569,5.912,1104.052,884.111,1249.737,+AC0-66.801,13.303
570,5.149,1145.949,923.667,1275.788,+AC0-155.376,11.204
571,4.577,979.36,826.333,1089.121,+AC0-63.435,9.899
572,3.242,995.395,877,1090.667,+AC0-151.928,7.161
573,4.196,987.048,711,1079.51,+AC0-81.469,9.142
574,3.814,1021.578,940.889,1066.526,0,8.152
575,4.768,1074.856,868.334,1147.481,+AC0-46.736,10.302
576,4.386,1067.734,900.333,1150.069,+AC0-138.814,9.506
577,6.294,1076.957,863,1234.444,+AC0-106.189,13.917
578,5.34,1038.714,866.788,1149.093,+AC0-21.801,12.004
579,5.531,999.652,866.334,1078.837,+AC0-52.306,12.231
580,5.531,948.815,759.333,1088.999,+AC0-136.469,12.148
581,5.721,1170.487,1009.332,1265.359,+AC0-59.036,12.684
582,4.386,1164.177,994.303,1307.313,+AC0-131.424,9.695
583,4.386,1171.885,1029.334,1268.46,+AC0-125.838,9.612
584,5.34,1163.784,1019,1240.004,+AC0-53.973,11.823
585,5.721,1140.697,925.688,1320.662,+AC0-63.435,12.63
586,5.34,1141.581,997.334,1256.493,+AC0-141.009,11.779
587,7.629,1250.358,997,1472.115,+AC0-46.042,16.886
588,5.149,1174.655,993.758,1400.18,+AC0-128.66,11.369
589,5.721,1248.291,986.995,1390.686,+AC0-60.751,12.784
590,4.005,1298.136,1121.222,1477.142,+AC0-153.435,8.855
591,3.624,1280.519,1168.222,1383,+AC0-45,8.031
592,4.768,1237.348,1104.5,1362.944,+AC0-124.992,10.661
593,4.768,1183.312,1031.445,1326.083,+AC0-53.616,10.424
594,4.768,1181.21,1075.667,1326.13,+AC0-136.736,10.302
595,4.959,1454.506,1256,1685.141,+AC0-61.39,11.086
596,4.005,1487.03,1259.778,1660.564,+AC0-153.435,8.855
597,6.103,1442.46,1165.78,1639.366,+AC0-35.754,13.742
598,3.814,1381.09,1176.667,1613.473,+AC0-124.509,8.157
599,3.433,1288.909,1091.001,1453.318,+AC0-69.444,7.462
600,2.861,1327.096,1215.999,1416.111,180,6.114
601,6.103,1264.972,1003.222,1496.26,+AC0-63.435,13.671
602,5.912,1250.331,1005.291,1441.555,+AC0-148.392,12.932
603,5.721,1298.449,1171.299,1489.133,+AC0-51.953,12.694
604,4.386,1291.502,1037.813,1497.709,+AC0-140.528,9.55
605,5.149,1418.046,1198.846,1611.668,+AC0-57.529,11.388
606,3.624,1406.272,1145.294,1599.944,+AC0-169.992,7.708
607,5.721,1311.807,1068,1524.503,+AC0-74.055,12.717
608,5.721,1262.613,1074.468,1393.647,+AC0-150.018,12.784
609,5.34,1237.513,1065.981,1449.911,+AC0-58.671,11.635
610,4.577,1258.419,1111.826,1431.973,+AC0-145.62,10.094
611,5.149,1283.579,1087.332,1387.974,+AC0-94.399,11.414
612,5.531,1244.805,1084.706,1411.778,158.962,12.165
613,4.768,1260.064,1090.334,1361,+AC0-124.992,10.661
614,4.577,1337.127,1159,1413.145,+AC0-39.806,10.14
615,5.912,1205.526,1099.542,1313.32,+AC0-105.422,13.278
616,6.484,1243.72,1047.113,1349.617,+AC0-22.751,14.49
617,4.768,1555.123,1316.667,1760.917,+AC0-48.366,10.517
618,4.005,1631.907,1451.333,1833.967,+AC0-153.435,8.855
619,3.814,1367.64,1188.157,1532.316,+AC0-90,8.152
620,3.814,1379.385,1165.816,1527.067,158.749,8.383
621,3.814,1302.005,1169.445,1418.883,+AC0-115.201,8.337
622,4.768,1316.311,1161.547,1433,+AC0-27.646,10.55
623,4.768,933.33,837,1002.499,+AC0-55.008,10.661
624,4.386,910.058,777.777,1006.414,+AC0-140.528,9.73
625,7.629,721.227,616.012,841.683,+AC0-61.504,17.194
626,5.912,743.71,621.042,882.765,+AC0-135,12.971
627,8.201,1123.483,964.843,1263.195,+AC0-47.911,18.135
628,5.149,1113.656,992.207,1247.891,+AC0-125.538,11.238
629,5.149,909.01,736.103,1045.462,+AC0-94.399,11.388
630,3.814,957.391,846,1028.434,+AC0-18.435,8.478
631,7.819,1044.756,897.543,1151.709,+AC0-40.914,17.558
632,5.34,1054.848,847.69,1150.864,+AC0-133.531,11.947
633,7.247,1081.826,935.788,1197.564,+AC0-49.399,16.105
634,4.386,1088.742,934.777,1199,+AC0-127.405,9.55
635,5.721,902.527,784.884,1123.621,+AC0-71.565,12.613
636,4.959,904.705,819.936,1025.377,+AC0-143.13,11.006
637,5.149,1020.45,882.112,1132.026,+AC0-94.399,11.369
638,5.721,1039.13,906.333,1103.708,167.905,12.505
639,6.294,1010.873,886.867,1149.875,+AC0-82.648,13.795
640,5.34,1010.881,902.957,1129.22,173.66,11.736
641,4.386,954.912,715.978,1152.744,+AC0-74.055,9.678
642,3.242,954.631,818.334,1041.62,+AC0-168.69,6.853
643,5.721,1232.371,1059.379,1382.071,+AC0-91.975,12.813
644,5.34,1266.727,1087.333,1454.912,175.601,11.704
645,4.768,1188.893,1070.666,1262.424,+AC0-75.379,10.521
646,4.005,1173.738,1026,1267.5,+AC0-174.289,8.778
647,6.103,1078.114,938.011,1222.538,+AC0-71.565,13.721
648,4.577,1087.897,960.92,1189.106,+AC0-160.017,10.127
649,6.294,1034.396,873.778,1111.264,+AC0-82.875,13.795
650,4.577,1009.592,891.999,1134.696,180,10.19
651,5.721,1072.443,860.41,1200.638,+AC0-117.474,12.502
652,5.531,1058.931,810.333,1180.795,143.973,12.116
653,4.768,1041.326,877.334,1246.315,+AC0-106.928,10.404
654,4.196,1120.627,919.334,1277.652,+AC0-35.218,9.044
655,6.484,1104.745,928.333,1244.823,+AC0-68.199,14.278
656,6.103,1122.254,950.567,1225.992,+AC0-169.046,13.646
657,5.149,981.941,814.667,1085.326,+AC0-65.376,11.328
658,4.005,959.783,763.667,1075.387,+AC0-143.13,8.734
659,5.34,1389.714,1229.665,1526.817,+AC0-24.624,11.591
660,4.768,1410.75,1228.222,1522.777,+AC0-109.179,10.497
661,5.721,1213.125,896,1372.772,+AC0-56.31,12.597
662,4.196,1256.121,1137.345,1314.244,+AC0-155.772,9.253
663,7.819,1240.362,1068.734,1346.333,+AC0-70.641,17.312
664,4.768,1252.335,1021.999,1375.012,21.371,10.598
665,5.34,1220.089,1049,1377.986,+AC0-92.121,11.649
666,4.196,1224.044,970,1381.279,16.699,9.321
667,3.624,1041.1,867.278,1200.211,+AC0-99.462,7.708
668,2.67,998.384,825.828,1137.393,161.565,5.895
669,5.531,1216.982,1010.555,1323.065,+AC0-142.306,12.231
670,3.051,1252.809,1137.665,1360.512,+AC0-56.31,6.464
671,4.959,1103.862,992,1220.762,+AC0-113.499,10.819
672,3.624,1135.028,1047.605,1187.823,146.31,7.92
673,4.768,1063.499,929.109,1203.535,+AC0-109.179,10.681
674,4.196,1085.513,981.666,1175.143,+AC0-25.346,8.988
675,4.386,1045.934,890.333,1178.402,+AC0-103.392,9.603
676,3.624,1091.454,939.678,1199.124,6.34,7.882
677,5.721,1088.743,922.666,1196.436,+AC0-57.995,12.533
678,3.433,1049.163,924.666,1137.203,+AC0-137.49,7.208
679,4.768,973.532,846.334,1146.941,+AC0-70.821,10.45
680,3.624,944.62,820,1080.161,+AC0-150.642,7.947
681,4.005,1122.839,965.001,1258.069,+AC0-81.027,8.523
682,3.242,1122.211,941,1253.554,+AC0-137.49,7.012
683,4.196,1407.907,1202,1530.434,33.69,9.289
684,3.051,1366.15,1158.667,1484.479,+AC0-61.699,6.392
685,4.768,1202.028,1048.333,1330.667,+AC0-73.072,10.404
686,3.624,1224.607,1079.666,1341.31,+AC0-153.435,7.812
687,4.386,1188.485,996.835,1405.893,+AC0-43.152,9.678
688,3.433,1238.59,1074,1407.017,+AC0-130.236,7.457
689,3.242,1205.215,0,1416,+AC0-75.964,6.853
690,3.624,1255.29,1091.334,1426.668,+AC0-176.82,7.866
691,4.196,1359.943,1157.667,1551.816,+AC0-60.945,9.137
692,3.624,1411.77,1258.333,1557.333,+AC0-150.642,7.947
693,3.624,1364.38,1213.333,1519.666,+AC0-59.036,7.692
694,3.814,1344.022,1236.986,1472.56,+AC0-128.66,8.503
695,3.814,1275.946,1098.667,1407.608,+AC0-107.526,8.478
696,3.814,1279.482,1134.791,1442.683,156.038,8.337
697,5.34,1049.243,868.623,1259.367,+AC0-67.068,12.004
698,5.34,1020.394,768,1178.054,+AC0-143.973,11.711
699,3.624,961.966,843.929,1084.412,+AC0-60.642,7.692
700,3.624,952.537,861.63,1073.543,+AC0-137.291,7.834
701,8.01,723.866,551.778,888.178,+AC0-67.166,18.006
702,6.294,730.359,568.667,896.459,+AC0-140.194,13.831
703,3.051,935.889,809.444,1026.48,+AC0-113.199,6.652
704,4.196,875.313,712.279,1048.296,+AC0-25.346,9.253
705,5.721,1196.343,1021.29,1364.698,+AC0-65.225,12.63
706,3.242,1128.071,910.334,1238.611,+AC0-153.435,6.902
707,4.768,1158.937,1031.881,1252.111,+AC0-61.189,10.293
708,3.624,1173.856,1054.666,1272.802,29.358,7.947
709,3.242,1318.17,1129.667,1461.667,+AC0-90,6.987
710,3.433,1328.614,1183.445,1448.57,169.38,7.371
711,3.242,1190.927,1042.89,1275.222,+AC0-60.255,6.79
712,2.479,1155.99,996.888,1283.593,55.008,5.249
713,2.289,1083.736,977.667,1162.687,+AC0-111.801,4.819
714,2.67,1093.46,994,1193.207,171.254,5.6
715,4.959,1101.926,945.667,1202.597,+AC0-78.69,10.963
716,3.814,1095.34,886.666,1203.354,+AC0-150.642,8.089
717,4.005,1114.217,974.333,1244.582,+AC0-43.025,8.855
718,3.814,1128.48,1038.241,1243.735,+AC0-135,8.443
719,7.629,1141.31,994.555,1213.144,+AC0-11.592,17.187
720,3.624,1106.684,1030.778,1157.481,+AC0-96.34,7.909
721,6.484,1267.918,1068.512,1434.865,+AC0-34.16,14.455
722,3.814,1295.058,1129.17,1453.599,+AC0-115.201,8.204
723,3.814,1328.52,1045,1497.684,+AC0-71.565,8.286
724,3.624,1335.175,1148.5,1499.75,+AC0-141.843,7.948
725,3.624,1328.637,1232,1445.278,+AC0-83.66,7.909
726,2.67,1339.301,1153.5,1452.997,+AC0-171.254,5.528
727,3.433,1361.159,1232,1497.647,+AC0-100.008,7.58
728,3.242,1366.121,1221.969,1487.125,140.194,6.822
729,4.959,1236.573,1086.5,1362.5,+AC0-20.556,11.119
730,4.386,1220.256,1059.5,1342.068,50.528,9.45
731,4.768,1091.944,912,1184.243,30.964,10.3
732,4.959,1157.62,998.5,1256.873,121.759,10.786
733,3.433,1170.936,1017.147,1288.177,+AC0-120.964,7.529
734,4.005,1177.529,1025.25,1282.245,150.945,8.888
735,5.34,949.065,817.137,1081,+AC0-81.573,11.736
736,5.34,950.065,802,1045.297,180,11.937
737,4.768,1056.457,957.667,1126.584,+AC0-99.462,10.582
738,5.721,1071.494,937.607,1162.7,166.43,12.853
739,4.768,1104.969,975.264,1185.223,+AC0-70.017,10.598
740,4.386,1115.933,976.12,1174.454,+AC0-174.806,9.625
741,5.721,848.456,725.904,965.756,+AC0-110.323,12.779
742,4.959,914.037,749.51,1006,156.501,10.953
743,6.675,815.665,663,929.958,+AC0-105.709,14.787
744,5.912,832.392,670.372,1004.542,158.552,13.264
745,6.103,1108.937,952,1260.828,+AC0-54.246,13.742
746,4.386,1017.914,805.168,1194.182,+AC0-142.125,9.73
747,5.721,1171.633,1084.61,1268.117,+AC0-30.964,12.684
748,3.624,1149.055,1044.407,1254.999,+AC0-130.601,8.053
749,4.196,1255.155,1132.223,1337.34,+AC0-50.906,9.095
750,4.386,1212.038,1074.666,1348.172,+AC0-138.814,9.506
751,5.721,1001.904,864.167,1054.562,+AC0-99.782,12.69
752,5.34,990.597,821,1098.318,+AC0-19.799,11.854
753,6.866,891.517,704.223,986.711,+AC0-51.843,15.461
754,4.959,852.674,751.303,954.16,+AC0-149.421,11.014
755,9.345,1198.891,941.667,1319.191,+AC0-80.538,21.108
756,4.386,1170.486,979.334,1263.974,+AC0-164.055,9.398
757,4.386,959.422,756.082,1100.542,+AC0-79.695,9.55
758,3.814,999.061,906.51,1102.36,+AC0-168.111,8.266
759,5.149,913.664,748.63,1023.25,+AC0-57.529,11.272
760,4.768,970.926,894.75,1060.216,+AC0-155.556,10.666
761,2.67,953.908,746.5,1066.058,+AC0-94.399,5.687
762,3.242,962.765,867,1056.693,+AC0-176.424,6.879
763,7.247,1076.543,905,1181.435,+AC0-52.815,15.96
764,4.196,1041.976,928.001,1092.506,+AC0-154.654,9.114
765,5.912,1081.513,961.555,1199.227,+AC0-72.759,13.079
766,4.196,1087.477,907.445,1214.342,+AC0-163.301,9.119
767,3.814,968.143,845.112,1106.103,+AC0-75.256,8.403
768,4.386,990.156,812.333,1103.24,+AC0-161.565,9.483
769,5.721,892.468,725.5,1012.961,+AC0-92.045,12.454
770,5.34,878.966,799.75,962.611,169.114,11.819
771,5.34,1007.573,877,1107,+AC0-94.399,11.606
772,4.768,961.972,751,1087.333,163.072,10.438
773,4.196,855.825,705.5,931.429,+AC0-84.56,9.194
774,4.768,846.661,699.685,920.583,172.875,10.346
775,6.484,1139.722,1002.529,1217.016,+AC0-105.709,14.459
776,4.959,1150.276,932.5,1363.932,161.565,10.981
777,5.34,1139.572,1053.068,1263.016,+AC0-61.557,11.92
778,4.005,1107.443,1014.5,1227.2,+AC0-149.534,8.613
779,3.242,1055.791,936,1166.958,+AC0-86.424,7.11
780,3.242,1072.081,959.5,1179.783,172.875,7.18
781,3.433,998.457,795.75,1179.371,+AC0-93.366,7.235
782,2.861,1045.677,943.75,1155.184,157.38,6.064
783,4.959,1148.148,1000.75,1229.44,+AC0-99.462,10.859
784,5.531,1129.896,954.5,1211.061,173.884,12.201
785,3.242,1058.882,963,1147.558,+AC0-129.806,6.791
786,3.242,1089.468,965.875,1205.216,158.199,7.183
787,3.814,1040.813,911.781,1162.511,+AC0-102.529,8.243
788,2.861,1058.036,950.875,1143.301,164.055,6.214
789,3.242,1161.755,1062.25,1242.121,+AC0-108.435,7.009
790,3.051,1184.388,1135.75,1246.083,168.69,6.703
791,2.67,1209.71,1122.125,1303.405,+AC0-108.435,5.49
792,2.479,1187.779,1084.5,1272.667,155.556,5.225
793,2.861,1128.04,1033,1238.888,+AC0-81.254,5.921
794,3.242,1126.249,943,1232.875,165.069,6.964
795,3.242,1081.209,870.375,1199.344,+AC0-100.62,7.197
796,2.67,1136.781,1030,1229.397,158.962,5.738
797,3.051,1119.807,1022.5,1239.8,+AC0-109.654,6.467
798,3.814,1052.664,838.713,1233.186,154.799,8.252
799,4.959,1239.207,1063.5,1350.4,+AC0-66.501,10.843
800,2.479,1294.624,1174.5,1396.932,30.964,5.176
801,4.577,1279.649,1159.5,1388.423,+AC0-52.125,10.132
802,3.433,1236.628,1053.5,1340.234,+AC0-147.265,7.268
803,4.005,1359.386,1123,1508.7,+AC0-54.782,8.91
804,2.861,1299.773,1074.25,1477.531,+AC0-149.744,5.996
805,3.433,1241.035,1095,1392.974,+AC0-100.62,7.324
806,3.624,1260.026,1135.5,1380.111,173.66,7.909
807,4.768,1181.138,1054.575,1286.852,+AC0-119.745,10.648
808,4.386,1186.186,1038.847,1297.401,153.435,9.765
809,3.433,1278.024,1064.889,1427.156,+AC0-110.556,7.413
810,3.242,1301.247,1186.334,1419.417,154.983,7.168
811,3.051,1324.144,1251.667,1382.405,+AC0-53.13,6.703
812,2.098,1350.349,1265.667,1406.893,+AC0-146.31,4.569
813,3.242,1197.499,1087.889,1318.791,+AC0-47.49,7.121
814,2.861,1181.734,947.999,1308.667,+AC0-132.274,6.179
815,3.051,1278.276,1210.778,1348.853,+AC0-70.346,6.407
816,3.051,1281.6,1133.333,1407.518,+AC0-137.726,6.617
817,3.051,1332.187,1243.066,1409.334,+AC0-66.801,6.652
818,3.051,1312.318,1176.557,1406.05,+AC0-151.699,6.392
819,3.051,1322.534,1185.644,1413.52,+AC0-53.13,6.639
820,2.861,1336.314,1252.42,1411.333,+AC0-143.973,6.058
821,3.814,1388.546,1285.248,1446.621,+AC0-104.744,8.262
822,3.624,1321.442,1194.956,1414.84,176.634,7.737
823,5.531,987.735,659,1138.673,+AC0-102.529,12.079
824,5.149,1034.455,889,1151.25,149.421,11.348
825,5.34,804.6,515,961.163,+AC0-100.886,11.819
826,4.577,838.95,653,963.079,172.569,9.944
827,5.34,756.28,570.895,886.506,+AC0-72.255,11.608
828,5.912,784.777,650,871.375,+AC0-145.784,13.264
829,4.959,944.499,727,1077.48,+AC0-90,10.699
830,4.005,935.083,787.5,1072.7,174.289,8.778
831,4.005,1050.967,830.5,1213.4,+AC0-84.289,8.778
832,3.624,1024.044,857,1158.479,+AC0-173.29,7.67
833,4.577,903.472,748.555,966.115,+AC0-100.305,10.052
834,5.531,927.529,825.331,976.752,164.055,12.437
835,2.861,1032.63,923,1107.116,+AC0-94.399,5.97
836,2.479,1043.786,963.002,1108.333,+AC0-9.462,5.273
837,2.289,1011.773,899.557,1083.518,+AC0-174.806,4.679
838,2.861,998.866,902.333,1083.664,+AC0-90,6.114
839,4.768,1108.249,876.667,1230,+AC0-104.621,10.278
840,3.624,1145.413,1016.556,1233.333,+AC0-22.38,8.029
841,3.433,1040.303,917.039,1162.157,+AC0-110.556,7.276
842,3.433,1065.105,980.69,1156.547,162.646,7.365
843,4.196,1064.274,972.833,1199.16,+AC0-76.608,9.321
844,2.479,1070.3,953.333,1149.249,+AC0-165.964,5.261
845,4.005,1028.707,915.221,1120.273,+AC0-78.111,8.622
846,3.051,1047.495,914.112,1122.454,+AC0-167.905,6.538
847,4.959,956.073,749,1037.533,+AC0-62.447,11.133
848,4.196,929.929,777.882,1041.129,+AC0-144.782,9.142
849,4.196,1040.122,922.702,1171.459,+AC0-70.71,9.069
850,3.242,1026.062,902.222,1167.333,+AC0-154.983,7.161
851,4.386,960.494,783,1080.154,+AC0-62.241,9.506
852,4.386,999.504,812.111,1146.153,+AC0-155.772,9.731
853,3.242,919.267,745.001,1048.388,+AC0-90,6.848
854,2.67,902.088,747.231,1038.077,167.005,5.795
855,2.479,924.539,823.001,1000.667,+AC0-75.964,5.402
856,2.861,944.971,851.667,1013.487,+AC0-167.005,5.968
857,2.098,898.432,777.667,992.034,+AC0-131.186,4.437
858,2.479,897.17,793.222,964.37,138.366,5.163
859,2.67,818.698,700.001,902.643,+AC0-61.39,5.742
860,2.098,829.502,683,874.831,33.69,4.569
861,6.484,1013.032,912,1159.234,+AC0-17.354,14.593
862,6.866,1039.507,974.048,1127.161,+AC0-115.821,15.234
863,5.721,1093.531,968.001,1164.067,+AC0-99.782,12.591
864,6.484,1082.444,951,1170.983,+AC0-3.468,14.583
865,4.386,932.511,801.303,1019.192,+AC0-116.565,9.765
866,4.577,918.191,826.001,987.223,+AC0-28.811,9.961
867,3.242,1006.177,918.918,1070.797,+AC0-108.435,7.043
868,2.861,980.215,858.061,1059.643,+AC0-114.775,6.308
869,2.67,979.026,925.167,1047.72,+AC0-141.34,5.852
870,3.051,984.319,930.75,1034.289,+AC0-58.392,6.423
871,2.861,1026.434,936.5,1118.489,+AC0-21.038,6.164
872,3.242,1016.729,916.5,1080.75,+AC0-25.017,7.139
873,4.005,1050.003,858.75,1204.04,+AC0-98.973,8.652
874,4.196,1050.618,958.756,1158.977,158.199,9.306
875,4.768,888.495,796.236,979.323,+AC0-97.431,10.315
876,4.768,828.252,657.667,934.056,177.614,10.345
877,4.196,805.056,690,912.633,+AC0-104.036,9.003
878,3.433,816.262,719,858.078,+AC0-3.18,7.575
879,3.242,805.034,729,878.417,+AC0-119.745,6.79
880,3.242,815.719,673,886,+AC0-34.695,6.989
881,2.861,814.604,773.333,870,+AC0-81.87,6.198
882,2.861,805.441,726.669,862.055,12.095,5.911
883,6.484,718.454,626,775.493,+AC0-107.354,14.577
884,7.819,724.073,617.72,801.84,+AC0-10.176,17.304
885,6.866,653.458,528.5,783.398,+AC0-124.592,15.081
886,6.103,724.903,630,785.195,+AC0-16.699,13.617
887,3.433,1218.19,1053.375,1302.625,+AC0-72.646,7.321
888,4.196,1147.608,994.5,1260.667,+AC0-174.56,9.085
889,3.814,1108.352,991.125,1281.882,+AC0-78.111,8.479
890,2.67,1109.875,998.5,1210.761,12.995,5.696
891,4.196,1279.252,991.333,1444.784,+AC0-84.289,8.956
892,3.624,1281.046,1080.667,1372.434,180,7.715
893,3.433,1276.655,1162.666,1383.792,+AC0-86.82,7.592
894,3.814,1287.068,1215.109,1374.422,21.251,8.299
895,3.051,1267.828,1173.667,1344.579,+AC0-86.186,6.71
896,3.051,1288.037,1197.334,1373.704,3.576,6.703
897,3.051,1239.504,1013.875,1400.012,+AC0-104.931,6.674
898,4.005,1222.35,1094,1357.375,2.862,8.626
899,3.433,1231.696,1097.25,1429.432,+AC0-106.39,7.634
900,4.005,1302.716,1130.5,1441.523,0,8.522
901,4.959,1008.005,923.334,1081.464,+AC0-87.797,11.087
902,4.005,1030.215,902.332,1113.342,0,8.881
903,5.34,1322.142,1181.333,1433.728,+AC0-66.251,11.736
904,4.577,1344.787,1234.555,1423.273,30.964,9.937
905,5.912,1336.475,1071.945,1477.688,+AC0-54.689,12.99
906,5.149,1362.286,1048.5,1483.677,+AC0-131.82,11.288
907,4.196,1214.006,1053,1320.63,2.862,9.026
908,2.67,1203.935,1096.111,1330.099,+AC0-85.601,5.562
909,7.438,1043.624,903.5,1144.289,+AC0-52.524,16.377
910,3.814,1018.861,862,1121.252,+AC0-145.491,8.479
911,5.149,984.826,774,1065.596,+AC0-81.254,11.457
912,4.386,991.689,827,1082.182,+AC0-169.695,9.765
913,4.386,818.576,679.334,907.75,+AC0-123.69,9.49
914,4.959,825.279,715.015,900.927,+AC0-26.565,10.875
915,4.196,753.849,639.326,852.432,+AC0-116.565,8.984
916,4.768,759.996,648.222,838.068,+AC0-27.646,10.353
917,3.624,725.864,604.333,823.336,+AC0-105.524,7.944
918,4.005,735.803,616.444,832.107,+AC0-11.31,8.795
919,5.531,821.73,694,893.296,+AC0-106.504,12.298
920,6.294,827.297,655.139,984.409,+AC0-32.196,14.119
921,2.289,1035.69,860.5,1112.74,+AC0-106.699,4.592
922,2.098,1034.563,970,1098,+AC0-23.962,4.301
923,2.861,1077.504,951.987,1193.143,+AC0-68.962,6.164
924,2.098,1066.952,864.75,1188.18,+AC0-150.945,4.492
925,2.098,995.005,891.5,1058.94,+AC0-135,4.323
926,2.289,996.837,884,1073.471,+AC0-21.801,4.789
927,2.289,925.124,699.667,1066.031,+AC0-90,4.879
928,2.098,964.572,869.222,1044.999,0,4.221
929,1.907,923.569,838.001,981.927,+AC0-110.556,4.123
930,2.289,912.111,818.277,960.612,+AC0-30.964,4.807
931,3.242,818.958,614,904.792,+AC0-137.49,7.154
932,3.242,830.047,755.248,907.708,+AC0-42.51,6.957
933,4.196,851.359,751.5,928.791,+AC0-101.31,9.121
934,5.34,892.091,802.007,969.889,+AC0-19.093,11.946
